CIDADE,UF,ENTIDADE,ENDEREÇO,CONTATO,TIPO,,,TIPOS,
Rio Branco,AC,Park Fitness Ltda,"Av Ceará, 395 - Cadeia Velha",(68) 3224-7238,Musculação,1,,Clube de Remo,23
Maceió,AL,CrossFit MCZ,"R Industrial Breno Lins Cansanção, 247 - Jatiuca",(82) 9976-4295,CrossFit,1,,CrossFit,37
Salvador,BA,Academia do Parque,"Rua da Graviola, 164 - Caminho das Árvores",(71) 4103-5757,Crossfit,1,,Musculação,144
Salvador,BA,Academia Espaço Vittal,"Al Benevento, 158 - Pituba",(71) 3452-5573,Musculação,1,,Aula Coletiva,10
Salvador,BA,Associação de Remo Salvador,"Av Presidente Costa e Silva, s/n - Dique do Tororo",(71) 9172-7496,Clube de Remo,1,,,
Salvador,BA,Body Tech IGUATEMI SALVADOR,"As Tancredo Neves, 148 - Loja 01 QD 27 - Shopping Iguatemi",(71) 3450-1832,Musculação,1,,,
Salvador,BA,CrossFit Barra Action,"Rua Macapá, 474 - Ondina",(71) 9168-6007,CrossFit,1,,,
Salvador,BA,Faculdade Social da Bahia,"Av Oceânica, 2.717 - Ondina",(71) 4009-2840,Musculação,1,,,
Salvador,BA,Jaguatirica Fitness,"R Afonso Celso, 161 - Barra",(71) 3013-9087,CrossFit,1,,,
Salvador,BA,Vibe Fitness,"R Professor Sabino Silva, 696 - Jardim Apipema",(71) 3203-4914,Musculação,1,,,
Fortaleza,CE,Life Treinamento Personalizado,"R Joaquim Nabuco, 720 - Meireles",(85) 3055-7876,Musculação,1,,,
Fortaleza,CE,Smarfit COCÓ1,"R Doutor Gilberto Studart, 155",,Musculação,1,,,
Fortaleza,CE,Smartfit ALDEOTA,"Av Santos Dumont, 3.060",,Musculação,1,,,
Fortaleza,CE,Smartfit MARACANAÚ,"Av Carlos Jereissati, 100 - North Shopping Maracanaú - Centro",,Musculação,1,,,
Fortaleza,CE,Smartfit MONTESE1,"Av Expedicionarios, 4444 - Loja 1344 - Jardim America",,Musculação,1,,,
Juazeiro do Norte,CE,Smartfit JUAZEIRO DO NORTE,"Av Padre Cicero, 2241 - Santa Tereza",,Musculação,1,,,
Brasília,DF,Academia Bio Fit,"Cond. 05, lote 2, loja 1",(61) 3355-6447,Musculação,1,,,
Brasília,DF,Academia Corpo 4,"Shcn, 305 bloco A loja 20 - Asa Norte",(61) 3272-8624,Musculação,1,,,
Brasília,DF,Academia Proforma,QRSW 6 CL 01 SubSolo Sudoeste Econ,(61) 3344-0098,Musculação,1,,,
Brasília,DF,Academia Sport Point,"Condominio Estância Jd Botanico 2, Conj B, Lote 11 - Lago Sul",(61) 3427-1512,Musculação,1,,,
Brasília,DF,Body Tech,Sces Trecho 02 Conj. 36 parte A 101 - Lago Sul,(61) 3224-4149,Musculação,1,,,
Brasília,DF,Companhia Athetica,Cj. 32 - Pier 21 - SCES Trecho 2 Tr 2 - Asa Sul,(61) 3322-4000,Musculação,1,,,
Brasília,DF,First Fight Academia de Lutas,QSB 14 Lote 23 C 02 - Tatuatinga Sul,(61) 3257-1635,Musculação,1,,,
Brasília,DF,Sandro Barbosa Vianna - Personal,"Shis Qi, 23 Conj.19 casa 12 - Lago Sul",(61) 3366-2300         (61) 9667-6794,Musculação,1,,,
Brasília,DF,Smartfit CEILÂNDIA2,"ST SHCSW CLSW, 300A/ Bloco B Loja 012 Parte Subsolo - Sudoeste",,Musculação,1,,,
Serra,ES,Smartfit SERRA,"Av BNH, 57/ Andar 3",(27) 3039-1775,Musculação,1,,,
Vila Velha,ES,Crossfit Vila Velha,"R Major Nodge Ulisses de Oliveira, 671 - Praia de Itapuã",,CrossFit,1,,,
Vitória,ES,Clube de Nat. de Regatas Alvares Cabral,"Av Marechal Mascarenhas de Morais, 2.100",(27) 3324-0101,Clube de Remo,1,,,
Vitória,ES,Crossfit Capixaba,"R Eugênio Ramos, 1100/ Loja 03 - Jardim da Penha",(27) 3207-6968,CrossFit,1,,,
Formosa,GO,Nadar Academia,"R Valdomiro de Miranda, 173 - Centro",(61) 3631-3566,Musculação,1,,,
Goiania,GO,Flectir Hidroesporte,"R 12, 183",(62) 3281-1434,Musculação,1,,,
Goiania,GO,Jaó Crossfit - Goiânia,"Av Sucuri, Qd. 149 Lt. 19 - Santa Genoveva",(62) 3204-5365,CrossFit,1,,,
Goiania,GO,Play Hard Crossfit,"Av Nona Avenida, 531 - Setor Leste Universitário",(62) 4102-0017,CrossFit,1,,,
Belo Horizonte,MG,Academia Tribheca,"R Jacui, 505 - 2o andar - Floresta",(31) 3654-3529,Musculação,1,,,
Belo Horizonte,MG,Anexo CrossFit,"Av Engenheiro Carlos Goulart, 24 - Buritis",,CrossFit,1,,,
Belo Horizonte,MG,Companhia Athletica BH,"Av Olegario Maciel, 1600/ Loja GD-01 - Shopping Diamond Mall - Lourdes",,Musculação,1,,,
Belo Horizonte,MG,Smartfit CENTRO BH 3,"Av Amazonas, 311 - Centro",,Musculação,1,,,
Belo Horizonte,MG,Smartfit FUNCIONÁRIOS,"Rua Claudio Manoel, 36 - Funcionários",,Musculação,1,,,
Belo Horizonte,MG,Smartfit LOURDES1,"R Rio de Janeiro, 1893 - Lourdes",,Musculação,1,,,
Belo Horizonte,MG,Smartfit SAVASSI1,"R Fernandes Tourinho, 195/ Loja 02 - Funcionários",,Musculação,1,,,
Belo Horizonte,MG,Smartfit UNIÃO,"Av Cristiano Machado, 4000 - União",,Musculação,1,,,
Campos Altos,MG,Center Fitness Academia,"R Getulio Portela, 91/ 2o andar - Centro",(37) 3426-3584,Musculação,1,,,
Coronel Fabriciano,MG,Via Athletica,"R Dom Bosco, 23 - Centro",(31) 3841-5966,Musculação,1,,,
Juiz de Fora,MG,Bomba de Fogo,"Av Presidente João Goulart, 600 - Cruzeiro do Sul",(32) 3234-4681,CrossFit,1,,,
Lavras,MG,Ativa Estúdio Personal,"Rua Paulo Azevedo, 96 - Santa Filomena",,Musculação,1,,,
Nova Lima,MG,Minas Tenis Náutico Clube,"R Princesa Diana, 200 - Lagoa Dos Ingleses",(31) 3516-2184,Musculação,1,,,
Paracatu,MG,Studio Biofit,"Av Romualdo Ulhoa Tomba, 175 - Centro",(38) 3672-5557,Musculação,1,,,
Santos Dumont,MG,VidAtiva,"R Prefeito José Maria Pitela, 71 - Centro",(32) 3251-3683,Musculação,1,,,
Campo Grande,MS,Academia Nível 1,"R João Akamine, 701 - Santa Fé",(67) 3043-7200,Musculação,1,,,
Campo Grande,MS,Smartfit CAMPO GRANDE2,"Av Presidente Ernesto Geisel, 2300 (shopping NorteSul Plaza) - Jd Joquei Club",,Musculação,1,,,
Campo Grande,MS,Smartfit ITANHANGÁ,"Rua Joaquim Murtinho, 2293C - Itanhangá Park",(67) 3357-2600,Musculação,1,,,
Varzea Grande,MT,Smartfit VARZEA GRANDE,Rua Presidente Arthur Bernades - Jardim Aeroporto (Várzea Grande Shopping),,Musculação,1,,,
Belém,PA,Bio Ritmo BELÉM,"R Boa Ventura da Silva, 1612",,Musculação,1,,,
Belém,PA,Clube do Remo ,"Av Nazaré, 962",(91) 3083-7999,Clube de Remo,1,,,
Belém,PA,Paysandu Esporte Clube,"Av Nazaré, 404",(91) 3222-3763,Clube de Remo,1,,,
Belém,PA,Tuna Luzo Brasileira,"Av Almirante Barrozo, 4.110",(91) 3219-2805,Musculação,1,,,
João Pessoa,PB,Box10 Crossfit Bessa,"R Hortência Helena de Amorim Brito, 13008/ Salão 10 - Casa Center",(83) 3268-5098,CrossFit,1,,,
João Pessoa,PB,Redzone Academia,"R Vicente de Paula Chianca, 140 - Portal do Sol",(83) 3238-0254,CrossFit,1,,,
Recife,PE,CrossFit Manguetown,"R Dona Olegarinha, 97 - Santana",(81) 3097-3665,CrossFit,1,,,
Recife,PE,Smartfit BOA VIAGEM3,"R Ernesto de Paula Santos, 187 - Boa Viagem",,Musculação,1,,,
Recife,PE,Sport Club do Recife - Dpto. Remo,"Av Beira Rio, 200 - Ilha do Retiro",(81) 8827-8549         (81) 8745-7434,Clube de Remo,1,,,
Recife,PE,Tribo Fitness,"R Professor Severiano Tolentino, 415- Jaboatão dos Guararapes",(81) 3203-5481,CrossFit,1,,,
Teresina,PI,Crossfit Terminal 1,"Rua Teresinha Farias, 2265 esquina com Rua Tomaz Tajra - Ininga",(86) 9426-0791,CrossFit,1,,,
Curitiba,PR,Academia Be Happy,"R Bento Viana, 609 - Agua Verde",(41) 3016-5757,Musculação,1,,,
Curitiba,PR,Clube Curitibano,"Av Getulio Vargas, 2857 - Sede Barão do Serro Azul",(41) 3014-1919,Clube de Remo,1,,,
Curitiba,PR,Crossfit Kaluanã,"Av Brigadeiro Franco, 3746 - Loja 6",(41) 3053-6782,CrossFit,1,,,
Maringá,PR,Smartfit MARINGÁ,"Av Advogado Horacio Raccanello Filho, 5120/ Loja 32",,Musculação,1,,,
Maringá,PR,Studio Corpus Academia,"Av Mauá, 1.235, esquina com R. Guararapes, 19",(44) 3354-1005 (44) 9990-4704,Musculação,1,,,
Paranaguá,PR,Nice Academia,"R Conselheiro Correia, 732",(41) 3422-2280,Musculação,1,,,
Angra dos Reis,RJ,Angra dos Reis Marina Clube,"Condominio Marinas, mapa: http://www.armclube.com.br/portal/?page_id=84",(24) 3365-0444,Musculação,1,,,
Cabo Frio,RJ,Universidade Veiga de Almeida,"Estrada das Perynas, S/N",,Musculação,1,,,
Duque de Caxias,RJ,Smartfit DUQUE DE CAXIAS 2,"Av P Professor Jose de Souza Herdy, 1216/ 235 (Shopping Unigranrio)",,Musculação,1,,,
Nilópolis,RJ,CrossFit Nilópolis,"Rua Patú, 54 - Brás de Pina",(21) 2485-3716,CrossFit,1,,,
Niterói,RJ,A7 Crossfit,"Av Sete de Setembro, 321/ Loja 101 - Icaraí",(21) 3254-5304,CrossFit,1,,,
Niterói,RJ,Academia Tio Sam (Icaraí),"Praia de Icaraí, 63, cobertura",(21) 2620-3132,aula coletiva,1,,,
Niterói,RJ,Crossfit Lendários,"R Professor Florestan Fernandes, 1.625 - Camboinhas",,CrossFit,1,,,
,RJ,CrossFit Niterói,Estrada Francisco da Cruz Nunes 8455,(21) 3254-9460,CrossFit,1,,,
Niterói,RJ,Crossfit Troia,"Rua João Pessoa, 20 - Icaraí",(21) 3492-3667,CrossFit,1,,,
Niterói,RJ,Galpão Crossfit,"R Presidente Backer, 246 - Icaraí",(21) 3628-6969,CrossFit,1,,,
Nova Friburgo,RJ,Hard Core Funcional,"R José Tessarollo dos Santos, 63 - Centro",(22) 3066-1330,Musculação,1,,,
Rio de Janeiro,RJ,Academia do Fórum,"Av Erasmo Braga, 115 Lamina II - Centro",(21) 2588-3463,Musculação,1,,,
Rio de Janeiro,RJ,Academia Estética,"Av Conego Vasconcelos, 992 - Bangu",(21) 3159-7420,Musculação,1,,,
Rio de Janeiro,RJ,Academia KS,"Av Armando Lombardi, 663 - Barra da Tijuca",(21) 2494-2540,aula coletiva,1,,,
Rio de Janeiro,RJ,Academia Pro Combat,"R Professor Gonçalves, 126 - Campo Grande",(21) 3586-2311,Musculação,1,,,
Rio de Janeiro,RJ,Academia Team Nogueira,"R São Francisco de Assis, 486/ C 1-2 - Recreio",(21) 3281-6020,Musculação,1,,,
Rio de Janeiro,RJ,Academia Vibração,"R Desmons, 320 - Coelho Neto",,Musculação,1,,,
Rio de Janeiro,RJ,Bio Ritmo Metropolitano,Av Embaixador Abelardo Bueno (Shopping Metropolitano Barra) - Piso L1,(21) 3095-9075,Musculação,1,,,
Rio de Janeiro,RJ,Body Planet Fitness,"Estrada da Gabinal, 500 - Jacarépagua",(21) 3687-1000,Musculação,1,,,
Rio de Janeiro,RJ,Body Tech - Unidade Cittá América,"Av das Américas, 700 - 1º Piso - Barra da Tijuca",(21) 2132-7222,CrossFit,1,,,
Rio de Janeiro,RJ,Body Tech - Unidade Recreio,"Av Salvador Allende, 6700 / LJ 125 E 131 - Recreio",(21) 2536-3700,Musculação,1,,,
Rio de Janeiro,RJ,Botafogo de Futebol e Regatas,"R Epitácio Pessoa, 1.561 - Lagoa",(21) 2539-9985,Clube de Remo,1,,,
Rio de Janeiro,RJ,Cia Athletica Barra,"Av das Americas, 5000 - Loja 112 e 113 - Barra da Tijuca",(21) 3505-0000,CrossFit,1,,,
Rio de Janeiro,RJ,Clinimex,"R Siqueira Campos, 93 - Sala 101 a 103 - Copacabana",(21) 2256-7183,Musculação,1,,,
Rio de Janeiro,RJ,Clube de Regatas do Flamengo,"R Borges de Medeiros, 1.111 - Lagoa",(21) 2529-0119,Clube de Remo,1,,,
Rio de Janeiro,RJ,Clube de Regatas Vasco da Gama,"R Tarso Fragoso, 65 - Lagoa",(21) 2156-3939,Clube de Remo,1,,,
Rio de Janeiro,RJ,Clube dos Caiçaras,"Av Epitácio Pessoa, S/N  Ilha dos Caiçaras - Ipanema",(21) 2529-4831,Musculação,1,,,
Rio de Janeiro,RJ,Crossfit Ilha [do Governador],"Praia Jequiá, 31 - Ribeira",(21) 3298-9867,CrossFit,1,,,
Rio de Janeiro,RJ,Equipe 1 Academia,"Av Nossa Senhora de Copacabana, 702 - B 1-3 pavimento",(21) 2548-8860,Musculação,1,,,
Rio de Janeiro,RJ,Espaço Stella Torreão,"R Fonte da Saudade, 146 - Lagoa",(21) 2579-3138,Musculação,1,,,
Rio de Janeiro,RJ,Forma Total Academia,"Rua Humaitá, 258 - Humaitá",(21) 2539-1348,Musculação,1,,,
Rio de Janeiro,RJ,FortFit by Vitor Belfort,"Av Rosauro Estelita, 607 | Condômino Rio Mar III - Barra da Tijuca",(21) 3613-4343,CrossFit,1,,,
Rio de Janeiro,RJ,Net Neuron and Terapeutics,,,Musculação,1,,,
Rio de Janeiro,RJ,Smartfit BARRA DA TIJUCA 3,"Av das Americas, 900 - Conviva Americas - Barra da Tijuca",,Musculação,1,,,
Rio de Janeiro,RJ,Smartfit BARRA DA TIJUCA 4,"Shopping Via Parque - Av Ayrton Senna, 3000/ Loja 2046D - Barra da Tijuca",,Musculação,1,,,
Rio de Janeiro,RJ,Smartfit CENTRO RIO 3,Lrg da Carioca - Centro (Metro Carioca),,Musculação,1,,,
Rio de Janeiro,RJ,Smartfit JARDIM BOTÂNICO,"R Jardim Botanico, 650 - Jd Botanico",,Musculação,1,,,
Rio de Janeiro,RJ,Sociedade Hípica Brasileira,"R Jardim Botanico, 421 - Gavea",(21) 2156-0170,Musculação,1,,,
Rio de Janeiro,RJ,Studio RM Fitness,"Rua das Verbenas, 300 - Vila Valqueire",(21) 3796-1599,CrossFit,1,,,
Rio de Janeiro,RJ,Studio Treinamento Personalizado,"R Octávio de Faria 81, loja E - Recreio",(21) 98027-1607,Musculação,1,,,
São Gonçalo,RJ,Smartfit SÃO GONÇALO 2,"Boulevard Shopping - Av Presidente Kennedy, 245 - CS 101 A - Centro",,Musculação,1,,,
Niterói,RJ,Academia Tio Sam (Camboinhas),"Av Prof Florestan Fernandes, 1625",(21) 3184-9100,CrossFit,1,,,
Mossoró,RN,Overall Training por Priscila Guzen,"R Machado de Assis, 394 - Centro",(84) 3317-6336,CrossFit,1,,,
Natal,RN,Platinum Fitness,"R dos Potiguares, 73 - Dix Sept Rosado",(84) 3223-4245,Musculação,1,,,
Natal,RN,Pulse Health & Fitness,"R Aloisio Bezerra, 116 - Lagoa Nova",(84) 3345-6000,Musculação,1,,,
Cachoeira do Sul,RS,Grêmio Náutico Tamandaré,R Antonio Gomes Pereira 1.655 - Carvalho,(51) 3722-2456,Clube de Remo,1,,,
Caxias do Sul,RS,Performa Academia,"R Moreira Cesar, 1685 - Pio X",(54) 3224-5069,aula coletiva,1,,,
Cruz Alta,RS,Sky Gym,"R Domingos Veríssimo, 636 - Centro",(55) 3303-6966,Musculação,1,,,
Gramado,RS,Corpus Academia,"Av Borges de Medeiros, 4770",,Musculação,1,,,
Pelotas,RS,Viva Fitness,"R Dom Pedro II, 655 - Centro",(53) 3292-4898,Musculação,1,,,
Porto Alegre,RS,Clube de Regatas Guaíba (GPA),"R João Moreira Maciel, 470 - Bairro Navegantes",(51) 3342-2197,Clube de Remo,1,,,
Porto Alegre,RS,Gremio Náutico União,"R João Obino, 300",(51) 3342-4071,Clube de Remo,1,,,
Porto Alegre,RS,Preventiva RS,"Travessa do Carmo, 152/ Loja 154 - Cidade Baixa",(51) 3519-7919,Musculação,1,,,
Porto Alegre,RS,PUC-RS,"Av Ipiranga, 6681",(51) 3320-3669,Musculação,1,,,
Porto Alegre,RS,Studio Bpro,"Av Otto Niemeyer, 855 - Tristeza",(51) 3242-1379,Musculação,1,,,
Porto Alegre,RS,Urgetrauma Pronto Socorro,"Av Assis Brasil, 2.959",(51) 3341-1302,Musculação,1,,,
Blumenau,SC,Clube Náutico América,"R XV de Novembro, 74",(47) 3326-6613,Clube de Remo,1,,,
Florianópolis,SC,Clube de Regatas Aldo Luz,Parque Náutico Walter Lange,(48) 2241-9140,Clube de Remo,1,,,
Florianópolis,SC,Clube Náutico Francisco Martinelli,Parque Náutico Aterro Baia Sul,(48) 3222-7792,Clube de Remo,1,,,
Florianópolis,SC,Clube Náutico Riachuelo,Parque Náutico Walter Lange,(48) 2223-5157,Clube de Remo,1,,,
Itajaí,SC,Kenpo 5.0 School,"R José Gall, 910/ Sala 2-3 - Dom Bosco",(47) 3248-0392,Musculação,1,,,
Itajaí,SC,Smartfit ITAJAÍ,"R Hercilio Luz, 401 - Centro",,Musculação,1,,,
Itajaí,SC,Studio Remo,????,,aula coletiva,1,,,
Joinville,SC,Summit Fitness Center,"R José Alencar, 140 - América",(47) 3025-2009,Musculação,1,,,
Araras,SP,Studio e Assessoria em Saúde,"R Nilo Peçanha, 54 - Belvedere",(19) 3544-6309,Musculação,1,,,
Barueri,SP,Alphaville Tênis Clube,"Alameda Paris, 555 - Alphaville",(11) 2188-2650,Musculação,1,,,
Campinas,SP,Body Tech CAMPINAS,"Av Guilherme Campos, 500 - Shopping Parque Dom Pedro- Santa Genebra",(19) - 37567800,Musculação,1,,,
Campinas,SP,Smartfit CAMPINAS6,"Av Ruy Rodriguez, 3900 - Shopping Spazio Ouro Verde",,Musculação,1,,,
Cosmópolis,SP,PJA Centro de Treinamento,"Av Ester, 27-B - Jd Bela Vista",(19) 98118-4027,Musculação,1,,,
Cotia,SP,Cia Athletica Granja Vianna,"Shopping The Square Open Mall - Rod. Raposo Tavares km 22,14",(11) 3432-4000,Musculação,1,,,
Cotia,SP,SmartFit Granja Viana km25,"R Mesopotamia, 109 - Jardim Passargada",(11) 3500-6551,Musculação,1,,,
Diadema,SP,Smartfit DIADEMA,"Av Nossa Senhora das Vitórias, 188 - Centro",(11) 2758-6822,Musculação,1,,,
Franca,SP,Estevão Cintra Vieira - Personal,"R José Bonifácia, 470 - Vila Nicacio",(16) 3722-6140,Musculação,1,,,
Guarujá,SP,Smartfit GUARUJÁ,"Av Dom Pedro I, 195 - loja 2354 - Tejereba",,Musculação,1,,,
Itaquaquecetuba,SP,Smartfit ITAQUAQUECETUBA,"Shopping Pateo Itaquá - Av Italo Adami, 1809 - Vila Zeferina",,Musculação,1,,,
Jaboticabal,SP,Fit Co Pernsonal Training,"Avenida Pintos, 245 - Centro",(16) 3204-1917,Musculação,1,,,
Jundiaí,SP,SmartFit JUNDIAÍ,"R XV de Novembro, 1000 - Loja 602 - Vila Arens",(11) 4527-1380,Musculação,1,,,
Limeira,SP,4You Estúdio de Treinamento Personalizado,"R Santa Josefa, 166 - Vila Tank",(19) 3704-4048,Musculação,1,,,
Matão,SP,CrossFit Big Jungle,"R Elias Raimundo de Brito, 368 - Monte Carlo",(16) 99143 6774,CrossFit,1,,,
Maua,SP,Crossfit DP Maua,"Av Capitão João, 1297 - Matriz",,CrossFit,1,,,
Mogi das Cruzes,SP,Brasil Adventure Sports,"Av. Capitão Manoel Rudge, 816",(11) 2378-5778,CrossFit,1,,,
Piracicaba,SP,Associação Piracicaba de Taekwondo,"R Dr Otávio Martins de Toleo, 166 - Castelinho",,Musculação,1,,,
Piracicaba,SP,Bio Ritmo PIRACICABA,"R Visconde do Rio Branco, 583 - Alto",(19) 3375-7003,Musculação,1,,,
Piracicaba,SP,Crossfit Mamute,"R Reg. Feijó, 1314 - Alemães",(19) 3375-8180,CrossFit,1,,,
Praia Grande,SP,Smartfit PRAIA GRANDE,"Av Ayrton Senna da Silva, 1511 - Sitio do Campo",,Musculação,1,,,
Riberião Preto,SP,Academia GMD Sport & Fitness,"R Paschoal Bardaro, 1550 - Jardim Botânico ",(16) 3441-0112,Musculação,1,,,
Santo André,SP,Bio Ritmo SANTO ANDRÉ,"Av Pereira Barreto, 42 - Paraiso",(11) 4433-7000,Musculação,1,,,
Santos,SP,MGX Academia,"R Pedro Americo, 292 - Campo Grande",(13) 3345-1847,Musculação,1,,,
Santos,SP,SmartFit SANTOS,"Av Ana Costa, 574 - Gonzaga",(13) 3324-8974,Musculação,1,,,
São Bernardo do Campo,SP,Academia João Caitano,"Av Pereira Barreto, 1.500 - Vila Baeta Neve",(11) 4123-1128,aula coletiva,1,,,
São Bernardo do Campo,SP,Academia Top Spin,"Av Piraporinha, 414 sala 516 - Alvinópolis",(11) 4341-8423,Musculação,1,,,
São Bernardo do Campo,SP,SmartFit PLAZA SHOPPING,"São Bernardo Plaza Shopping - Av Rotary, 624 - Centro ",(11) 4128-3612,Musculação,1,,,
São Carlos,SP,Smartfit SÃO CARLOS 1,Av Francisco Pereira Lopes (Shopping Passeio São Carlos) - Parque Arnold Schmidt,,Musculação,1,,,
São José dos Campos,SP,A Mais Crossfit,,,CrossFit,1,,,
São José dos Campos,SP,Academia K@2 - S. JOSÉ DOS CAMPOS,"Av Andrômeda, 227 - Jardim Satélite - Shopping Vale Sul",(12) 3308-5865,aula coletiva,1,,,
São Paulo,SP,Academia In Shape,"Av Nova Cantareira, 3882 - Tremembé",(11) 2203-8444,Musculação,1,,,
São Paulo,SP,Academia K@2 - CENTRO,"R Cel. Xavier de Toledo, 23 - 6º andar - Shopping Light",(11) 3129-9174,aula coletiva,1,,,
São Paulo,SP,Academia K@2 - MORUMBI,"R Edward Joseph, 110",(11) 3743-7204,aula coletiva,1,,,
São Paulo,SP,Bio Ritmo CAMPO BELO,"R Barão de Jaceguai, 1409 - Campo Belo",(11) 5098-0800,Musculação,1,,,
São Paulo,SP,Bio Ritmo CENTRO,"R XV de Novembro, 194 - Centro",(11) 3248-3200,Musculação,1,,,
São Paulo,SP,Bio Ritmo CENU,"Av das Nações Unidas, 12901 - Loja 127 - Brooklin Paulista",(11) 3365-0800,Musculação,1,,,
São Paulo,SP,Bio Ritmo CHÁCARA SANTO ANTONIO,"R José Guerra, 111 - Jardim Santo Antônio",(11) 5171-0000,Musculação,1,,,
São Paulo,SP,Bio Ritmo HIGIENÓPOLIS,"Shopping Higienópolis - Av Higienópolis, Piso Buenos Aires, 618",(11) 3667-7888,Musculação,1,,,
São Paulo,SP,Bio Ritmo MORUMBI,"Av Giovanni Gronchi, 4415",(11) 3742-2525,Musculação,1,,,
São Paulo,SP,Bio Ritmo PAULISTA,"Av Paulista, Terraço 2, 2073 - Bela Vista",(11) 3145-6555,Musculação,1,,,
São Paulo,SP,Bio Ritmo TAMBORÉ,"Shopping Tamboré Loja 109 / 142 Av. Piracema, 669 - Tamboré, Barueri",(11) 4196-9700,Musculação,1,,,
São Paulo,SP,Bio Ritmo VOLKS,"Rua Volkswagen, 291 - Jabaquara",,Musculação,1,,,
São Paulo,SP,Bio Ritmo WEST PLAZA,"Shopping West Plaza, Av. Francisco Matarazzo, 1º Piso, Bloco C - Barra Funda",(11) 3871-8200,Musculação,1,,,
São Paulo,SP,Body Tech ELDORADO,"Av Rebouças, 3970, 2º SUBSOLO - Pinheiros/ Shopping Eldorado",(11) 2197-7333,Musculação,1,,,
São Paulo,SP,Centro de Práticas Esportivas da USP,"Praça 2 - Prof. Rubião Meira, 61 - Cidade Universitária",(11) 3091-3362,Clube de Remo,1,,,
São Paulo,SP,Cia Athletica KANSAS,"R Kansas, 1582 - Brooklin",(11) 5105-7000,Musculação,1,,,
São Paulo,SP,Clube Atlético Monte Líbano,"Av República do Líbano, 2.267 - Ibirapuera",(11) 5088-7070,Clube de Remo,1,,,
São Paulo,SP,Clube Atlético Paulistano,"R Honduras, 1.400 - Jardins",(11) 3065-2000,Clube de Remo,1,,,
São Paulo,SP,Clube de Regatas Bandeirante,"Estrada Luiz Pasteur, 230",(11) 4725-8768,Clube de Remo,1,,,
São Paulo,SP,Clube Espéria,"Av Santos Dumont, 1.333",(11) 6221-2344,Clube de Remo,1,,,
São Paulo,SP,Colégio Dante Alighieri,"Alameda Jau, 1061 - Cerqueira Cesar",(11) 3179-4400,Musculação,1,,,
São Paulo,SP,CrossFit 2 Hands,"R Euclides Pacheco, 1515 - Vila Gomes Cardim",(11) 2082-8528,CrossFit,1,,,
São Paulo,SP,Crossfit Villa 1378,"R. Napoleão de Barros, 1378 - Vila Clementino",(11) 3586-9313,CrossFit,1,,,
São Paulo,SP,Domus Romana Crossfit,"R Fábia, 615 - Vila Romana",(11) 99584-0621,CrossFit,1,,,
São Paulo,SP,Esporte Clube Pinheiros,"R Angelina Maffei Vita, 493",(11) 3817-9736,Clube de Remo,1,,,
São Paulo,SP,Estação Fitness,"Alameda Santos, 1123 - Cerqueira César",(11) 3168-4238,Musculação,1,,,
São Paulo,SP,Hilton Hotel (Morumbi),"Av Nações Unidas, 12.901 - Brooklin",(11) 2195-0600,Musculação,1,,,
São Paulo,SP,Hotel Renaissance,"Alameda Santos, 2.233 - Cerqueira Cesar",(11) 3188-4141,Musculação,1,,,
São Paulo,SP,Pro120 - Unidade Mascote,"R Engenheiro Jorge Oliva, 466 - Vila Mascote",(11) 2609-3611,aula coletiva,1,,,
São Paulo,SP,Raia Livre,"Rua Maracá, 40 - Vila Guarani",(11) 5017-0976,Musculação,1,,,
São Paulo,SP,Reebok Club - CIDADE JARDIM,"Av Magalhães de Castro, 12.000 - Morumbi",(11) 3759-7878,Musculação,1,,,
São Paulo,SP,Reebok Club - VILA OLÍMPIA,"R Olimpíadas, 205 - Vila Olímpia",(11) 3847-7878,Musculação,1,,,
São Paulo,SP,Sett Coaching,"R Clodomiro Amazonas, 556 - LOJA 02 - Itaim Bibi",(11) 3368-7556,Musculação,1,,,
São Paulo,SP,Smartfit ARICANDUVA,"Av Aricanduva, 5555 - Jd Santa Terezinha",,Musculação,1,,,
São Paulo,SP,Smartfit BOM RETIRO1,"R dos Italianos, 256 - Bom Retiro",,Musculação,1,,,
São Paulo,SP,Smartfit CAMPOS ELÍSEOS,"Alameda Barão de Limeira, 1011 - Campos Eliseos",,Musculação,1,,,
São Paulo,SP,Smartfit CENTRO1,"Av Paulista, 2073 - Andar 19",,Musculação,1,,,
São Paulo,SP,Smartfit INTERLAGOS4,"Av Sargento Geraldo Sant'ana, 1491 - Jardim Taquaral",,Musculação,1,,,
São Paulo,SP,Smartfit ITAQUERA1,"Av Professor Edgar Santos, 850 - Vila Nhocune",,Musculação,1,,,
São Paulo,SP,Smartfit JAGUARÉ,"Av Corifeu de Azevedo Marques, 4160 - Vila Lageado",,Musculação,1,,,
São Paulo,SP,Smartfit JARDINS4,"R Oscar Freire, 218 - Cerqueira Cesar",,Musculação,1,,,
São Paulo,SP,Smartfit MOEMA,"R Gaivota, 530 - Indianopolis",,Musculação,1,,,
São Paulo,SP,Smartfit SANTA CECÍLIA,"Alameda Barros, 59 - Santa Cecília",,Musculação,1,,,
São Paulo,SP,Smartfit SOCORRO,"Av Guarapiranga, 762 - Guarapiranga",,Musculação,1,,,
São Paulo,SP,Smartfit VILA OLÍMPIA1,"R Ramos Batista, 239 - Vila Olímpia",,Musculação,1,,,
São Paulo,SP,Sport Clube Corinthians Paulista,"R São Jorge, 777",(11) 6942-9633,Clube de Remo,1,,,
São Paulo,SP,Team Nogueira Perdizes,"R Ministro Ferreira Alves, 1030 - Perdizes",(11) 3862-3282,Musculação,1,,,
São Sebastião,SP,Clínica Saúde na Praia,"R Itaúna, 37 - Praia de Boiçucanga",(12) 3865-1837   (12) 9735-9558,Musculação,1,,,
Sorocaba,SP,Academia K@2 - SOROCABA,"Av Izoraida Marques Peres, 401 - Altos do Campolim ",(15) 3233-9242,aula coletiva,1,,,
Sorocaba,SP,Smartfit SOROCABA4,"Av Comendador Pereira Inácio, 820 - Jardim Vergueiro",,Musculação,1,,,